{
  "quickstart" :"true",
  "DS_SIGNER_NAME": "Madhavi Chaladhi",
  "DS_SIGNER_EMAIL": "chat2vedas@gmail.com",
  "DS_APP_URL": "http://localhost:8080",
  "DS_TARGET_ACCOUNT_ID": "19c321cf-fb19-4d25-967d-3db1e19e79f9",
  "DS_API_NAME": "ESIGNATURE",
  "DS_BASE_PATH": "https://demo.docusign.net",
  "DS_ROOMS_BASE_PATH": "https://demo.rooms.docusign.com",
  "DS_CLICK_BASE_PATH": "https://demo.docusign.net",
  "DS_MONITOR_BASE_PATH": "https://lens-d.docusign.net",
  "DS_ADMIN_BASE_PATH": "https://api-d.docusign.net",

  "Gateway_Name": "{DS_PAYMENT_GATEWAY_NAME}",
  "Gateway_Account_Id": "{GATEWAY_ACCOUNT_ID}",
  "Gateway_Display_Name": "{DS_PAYMENT_GATEWAY_DISPLAY_NAME}",

  "authorization.code.grant.client.scope": "signature",
  "authorization.code.grant.sso.redirect-url": "&type=acg",
  "authorization.code.grant.client.client-id": "d6fbc1dd-ea2f-471c-abd2-fbdd2b132743",
  "authorization.code.grant.client.client-secret": "6dd601fa-dc0e-422f-843d-9fe9fae6b983",
  "authorization.code.grant.client.access-token-uri": "https://account-d.docusign.com/oauth/token",
  "authorization.code.grant.client.user-authorization-uri": "https://account-d.docusign.com/oauth/auth?prompt=login",

  "jwt.grant.sso.redirect-url": "&type=jwt",
  "jwt.grant.client.scope": "signature impersonation",
  "jwt.grant.client.base-url": "account-d.docusign.com",
  "jwt.grant.client.client-id": "d6fbc1dd-ea2f-471c-abd2-fbdd2b132743",
  "jwt.grant.client.private-key-path": "src/main/resources/private.key",
  "jwt.grant.client.impersonated-user-guid": "19c321cf-fb19-4d25-967d-3db1e19e79f9",

  "common.client.resource.user-info-uri": "https://account-d.docusign.com/oauth/userinfo",
  "com.docusign.github.example-uri": "https://github.com/docusign/code-examples-java/blob/master/src/main/java/",
  "com.docusign.documentation-path": "",

  "server.tomcat.additional-tld-skip-patterns": "*jaxb*.jar",
  "server.servlet.session.tracking-modes": "cookie",
  "server.servlet.session.persistent": false,
  "server.error.include-stacktrace": "always",
  "server.error.whitelabel.enabled": false,

  "spring.session.store-type": "none",
  "spring.mvc.view.prefix": "/WEB-INF/templates/views/",
  "spring.mvc.view.suffix": ".jsp",
  "spring.jmx.enabled": false
}
